Instr Addr,Branch target,Num times taken
 200008ed46, 200008ed36,100000
 200008ed36, 200008ed3a,100000
 2aaaaab034, 2aaaaab038,15000
 2aaaaab03a, 2aaaaab04e,15000
 2aaaaab054, 2aaaaab09a,15000
 2aaaaaaec0, 2aaaaab40c,15000
 2aaaaaaf70, 2aaaaaaf36,15000
 2aaaaab4ee, 2aaaaab460,15000
 2aaaaab0bc, 2aaaaab06e,10000
 2aaaaab422, 2aaaaab3d6,10000
 2aaaaab46c, 2aaaaab000,10000
 2aaaaab47a, 2aaaaab4d0,10000
 2aaaaab55c, 2aaaaab362,5001
 2aaaaab362, 2aaaaabed8,5000
 2aaaaabf02, 2aaaaab366,5000
 2aaaaab366, 2aaaaabe76,5000
 2aaaaabed6, 2aaaaab36a,5000
 2aaaaab3b8, 2aaaaab056,5000
 2aaaaab06c, 2aaaaab0b2,5000
 2aaaaab096, 2aaaaab000,5000
 2aaaaab09e, 2aaaaab0a0,5000
 2aaaaab0cc, 2aaaaab0e6,5000
 2aaaaab0f2, 2aaaaab0fa,5000
 2aaaaab102, 2aaaaaacf0,5000
 2aaaaaacf8, 2aaaaaac00,5000
 200008ed34, 200008ed3a,5000
 200008ed5e, 200008ed4c,5000
 200008ed50, 200008ed54,5000
 200008ed58, 2aaaaab106,5000
 2aaaaab108, 2aaaaab128,5000
 2aaaaab132, 2aaaaab3bc,5000
 2aaaaab3d4, 2aaaaab418,5000
 2aaaaab408, 2aaaaaae82,5000
 2aaaaab442, 2aaaaaaec2,5000
 2aaaaaaf34, 2aaaaaaf60,5000
 2aaaaaaffe, 2aaaaab446,5000
 2aaaaab452, 2aaaaabcbc,5000
 2aaaaabd2c, 2aaaaabe20,5000
 2aaaaabe36, 2aaaaabe38,5000
 2aaaaabe66, 2aaaaaae82,5000
 2aaaaabe74, 2aaaaabd30,5000
 2aaaaabd36, 2aaaaabd38,5000
 2aaaaabd50, 2aaaaaadca,5000
 2aaaaaadec, 2aaaaab134,5000
 2aaaaab152, 2aaaaab156,5000
 2aaaaab158, 2aaaaab15c,5000
 2aaaaab162, 2aaaaaadf0,5000
 2aaaaaadf2, 2aaaaaadfc,5000
 2aaaaaae06, 2aaaaaae0a,5000
 2aaaaaae2c, 2aaaaaae60,5000
 2aaaaaae68, 2aaaaaae76,5000
 2aaaaaae80, 2aaaaabd54,5000
 2aaaaabd78, 2aaaaaae82,5000
 2aaaaabd7c, 2aaaaabdac,5000
 2aaaaabdb6, 2aaaaab456,5000
 2aaaaab45e, 2aaaaab4da,5000
 2aaaaab542, 2aaaaabdb8,5000
 2aaaaabde0, 2aaaaabde4,5000
 2aaaaabe14, 2aaaaabe16,5000
 2aaaaabe1e, 2aaaaab546,5000
 ffffffe000161ffc, ffffffe000162000,90
 ffffffe000162000, ffffffe000162004,90
 ffffffe000162004, ffffffe000162008,90
 ffffffe000162008, ffffffe000162100,87
 ffffffe00016210c, ffffffe000162110,87
 ffffffe000162118, ffffffe00016211c,87
 ffffffe000162124, ffffffe000162134,87
 ffffffe00016213e, ffffffe000162028,87
 ffffffe00016202c, ffffffe000161ff8,87
 ffffffe0002321d4, ffffffe0002321c8,82
 2000084b34, 2000084b38,63
 2000084b3e, 2000084b34,60
 20000113d6, 20000113d8,39
 20000113d8, 20000113dc,35
 ffffffe0002321c2, ffffffe0002321b8,26
 ffffffe0002322c0, ffffffe0002322c4,21
80000008, 8000000c,21
80000018, 8000009c,21
 2000090c9a, 2000090c8c,19
80000130, 80002c34,19
 ffffffe000232314, ffffffe000232308,18
 80002c44, 80002c48,17
 80002c66, 80002cc4,17
 80002cda, 80002d38,17
 80002d3e, 80002d42,17
 80002d42, 80002d82,17
 80002d86,8.00E+10,17
8.00E+18, 80002d0c,17
 80002d36, 80002dd2,17
 80002dd6, 80002dda,17
 80002de6,25915,17
 ffffffe000050314, ffffffe000050318,16
 ffffffe00005031c, ffffffe00005031e,16
 ffffffe000050322, ffffffe000050326,16
 ffffffe00005032e, ffffffe000050332,16
 ffffffe000050342, ffffffe000050344,16
 ffffffe000050344, ffffffe0000503ba,16
 ffffffe0000503be, ffffffe0000503c2,16
 ffffffe0000503c8, ffffffe0000503cc,16
 ffffffe0000503d0,41581,16
 ffffffe0000503de, ffffffe0000503e2,16
 ffffffe0000503ec, ffffffe0000503f0,16
 ffffffe0000503f8, ffffffe0000503fa,16
 ffffffe0000503fe, ffffffe00005045e,16
 ffffffe000050468, ffffffe00005046a,16
 ffffffe00005046e,41707,16
 ffffffe000050480, ffffffe000050484,16
 ffffffe000050488, ffffffe000050490,16
 ffffffe0000504a8, ffffffe0000504b2,16
 ffffffe0000504b8, ffffffe00006a7c4,16
 ffffffe00006a7de, ffffffe00006a8b0,16
 ffffffe00006a7e2, ffffffe00006a7e6,16
 ffffffe00006a814, ffffffe00006a82a,16
 ffffffe00006a834, ffffffe00006a838,16
 ffffffe00006a842, ffffffe00006a846,16
 ffffffe00006a852, ffffffe0000713a6,16
 ffffffe0000713b4, ffffffe0000713b8,16
 ffffffe0000713b8, ffffffe00006a856,16
 ffffffe00006a862, ffffffe00006a87e,16
 ffffffe00006a880, ffffffe00006a882,16
 ffffffe00006a884, ffffffe000016274,16
 ffffffe00001629c, ffffffe0000162a2,16
 ffffffe0000162a2, ffffffe00006a888,16
 ffffffe00006a888, ffffffe00006a864,16
 ffffffe00006a87c, ffffffe0000504bc,16
 ffffffe0000504be, ffffffe0000504c0,16
 ffffffe0000504c2, ffffffe0000502ae,16
 ffffffe0000502b4, ffffffe0000502b6,16
 ffffffe0000502c2, ffffffe0000502c4,16
 ffffffe0000502c4, ffffffe0000504c6,16
 ffffffe0000504c8, ffffffe000050366,16
 ffffffe000050366, ffffffe00005036a,16
 ffffffe000050374, ffffffe000050378,15
 ffffffe000014aec, ffffffe000014af8,14
 ffffffe000014b78,8888,14
 ffffffe000014c04, ffffffe000014c1a,14
 ffffffe00005037c, ffffffe00005037e,14
 ffffffe000050380, ffffffe000050312,14
 ffffffe0002320ea, ffffffe0002321a8,12
 ffffffe0002321a8, ffffffe0002321aa,12
 20000073a8, 200000739a,11
 ffffffe000232342, ffffffe000232336,10
 ffffffe0002321b6, ffffffe0002321c8,10
 ffffffe0002321d8, ffffffe000172720,10
 ffffffe00015c8a8, ffffffe00015c7b2,10
 ffffffe00015c7be, ffffffe00015c7c0,10
 ffffffe00015c7ca, ffffffe00015c85e,10
 ffffffe00003aa8e, ffffffe00003aa90,10
 ffffffe00003aa94, ffffffe00003aa98,10
 ffffffe00003aa9c, ffffffe00003aaa0,10
 ffffffe00003aab4, ffffffe000138696,10
 ffffffe000036e36, ffffffe0002289cc,10
 ffffffe0002289d0, ffffffe000228934,10
 ffffffe000228942, ffffffe000228946,10
 ffffffe000228954, ffffffe000228958,10
 ffffffe000228958, ffffffe000228966,10
 ffffffe000228984, ffffffe000228988,10
 ffffffe000228992, ffffffe000228998,10
 ffffffe000228998, ffffffe00022899c,10
 ffffffe00022899e, ffffffe000036e3a,10
 ffffffe000036e3a, ffffffe000036e3c,10
 ffffffe000036e3e, ffffffe0001388e0,10
 ffffffe000138960, ffffffe000138962,10
 ffffffe00015d2a6, ffffffe00015ca3a,10
 ffffffe00015ca46, ffffffe00015ca68,10
 ffffffe00015ca68, ffffffe00015d2aa,10
 ffffffe00015d2b4, ffffffe00015d2a2,10
 ffffffe000036e46, ffffffe00013892a,10
 ffffffe000233a76, ffffffe000233a7a,9
 ffffffe000233a7e, ffffffe000233a80,9
 ffffffe000233a80, ffffffe000233a88,9
 ffffffe000233a88, ffffffe000162044,9
 ffffffe000014c0e, ffffffe000014c10,9
 ffffffe00003c0d4, ffffffe000021836,8
 20000920cc, 20000920be,7
 20000920be, 20000920c0,7
 20000920c6, 20000920c8,7
 ffffffe000014b8e, ffffffe000014bb8,7
 ffffffe000014b86, ffffffe000138648,7
 ffffffe000138666, ffffffe00013866a,7
 ffffffe000138674, ffffffe00001a2e2,7
 ffffffe00001a2e8, ffffffe00001a2fc,7
 ffffffe00001a308, ffffffe000138678,7
 ffffffe00013867a, ffffffe00013867e,7
 ffffffe000138680, ffffffe000138684,7
 ffffffe0001386a4,27084,7
 ffffffe00001a350, ffffffe00001a352,7
 ffffffe00001a35c, ffffffe00001a36e,7
 ffffffe0001386b8, ffffffe000014bfa,7
 200008f30a, 200008f33c,7
 ffffffe000233a60, ffffffe000233a64,6
 ffffffe000233a68, ffffffe000233a6a,6
 ffffffe000233a6a, ffffffe000233a6c,6
 ffffffe000233a6c, ffffffe000161fc8,6
 ffffffe000163c82, ffffffe000163c86,6
 ffffffe000163c86, ffffffe000172300,6
 ffffffe000172304, ffffffe000172306,6
 ffffffe000172310, ffffffe000161fce,6
 ffffffe0001726c8, ffffffe0001726ca,6
 ffffffe0001726ce, ffffffe0001726d2,6
 ffffffe0001726de, ffffffe0001726e2,6
 ffffffe0001726e2, ffffffe0001726e6,6
 ffffffe0002321e2, ffffffe0002321e4,6
 ffffffe0002321ea, ffffffe0002321fe,6
 ffffffe000232220, ffffffe000232222,6
 ffffffe0002322c6, ffffffe0002322d6,6
 ffffffe0002322d6, ffffffe00012b954,6
 ffffffe00017274a, ffffffe000172768,6
 ffffffe00017277c, ffffffe00016203a,6
 ffffffe000198de8, ffffffe00003ebbe,6
 ffffffe00003f692, ffffffe00003ec78,6
 200008f33e, 200008f2f6,6
 2000090c5a, 2000090c4e,5
 ffffffe000014bc6, ffffffe000014bca,5
 ffffffe000014bd6, ffffffe000014bda,5
 ffffffe000014bea, ffffffe00008195e,5
 ffffffe0002322f0, ffffffe0002322f4,5
 ffffffe000232300, ffffffe000232304,5
 ffffffe000232318, ffffffe000232336,5
 ffffffe000232322, ffffffe000133502,5
 ffffffe000233d7c, ffffffe00023427a,5
 ffffffe00023427c,12742,5
 ffffffe0002341bc, ffffffe0002341c0,5
 ffffffe0002341c6, ffffffe00023426e,5
 ffffffe000234278, ffffffe000161f58,5
 ffffffe0001726f2, ffffffe000172706,5
 ffffffe00017270a, ffffffe000172710,5
 ffffffe00017271c, ffffffe0002320e4,5
 ffffffe000172736, ffffffe000172464,5
 ffffffe000172480, ffffffe000175c58,5
 ffffffe000175c6c, ffffffe000175c6e,5
 ffffffe000175c86, ffffffe000175c8a,5
 ffffffe000175c90, ffffffe000175c94,5
 ffffffe000175c94, ffffffe000175cf6,5
 ffffffe000175cfa, ffffffe000175ca4,5
 ffffffe000175caa, ffffffe000175cac,5
 ffffffe000175cbc, ffffffe00006346e,5
 ffffffe000063482, ffffffe00007f386,5
 ffffffe00007f396, ffffffe00007f39a,5
 ffffffe00007f39c, ffffffe000066988,5
 ffffffe000066992, ffffffe000066996,5
 ffffffe00006699a, ffffffe00006699e,5
 ffffffe0000669a0, ffffffe0000669a2,5
 ffffffe0000669cc, ffffffe00007f3a0,5
 ffffffe00007f3a4, ffffffe00007f3a8,5
 ffffffe00007f3a8, ffffffe00007f3aa,5
 ffffffe00007f3b2, ffffffe00007f3b4,5
 ffffffe00007f3c8, ffffffe00007f416,5
 ffffffe00007f41a, ffffffe00007f48c,5
 ffffffe00007f49c, ffffffe00007f3f2,5
 ffffffe00007f400, ffffffe000063486,5
 ffffffe000063488, ffffffe00006348a,5
 ffffffe000063492, ffffffe0002320e4,5
 ffffffe0000634a2, ffffffe000175cc0,5
 ffffffe000175cc2, ffffffe000175cc4,5
 ffffffe000175cca, ffffffe00012b93c,5
 ffffffe00012b950, ffffffe0002321dc,5
 ffffffe00023223a, ffffffe0002322b0,5
 ffffffe00012b988, ffffffe00012b98a,5
 ffffffe00012b99e, ffffffe000175cce,5
 ffffffe000175cda, ffffffe000175bbe,5
 ffffffe000175bde, ffffffe000175be0,5
 ffffffe000175be4, ffffffe000175b9a,5
 ffffffe000175ba2, ffffffe000175bac,5
 ffffffe000175bb0, ffffffe00015c8a6,5
 ffffffe00015c86a, ffffffe000175bb4,5
 ffffffe000175bb4, ffffffe000175bb6,5
 ffffffe000175bbc, ffffffe000175be8,5
 ffffffe000175bf8, ffffffe00015c0de,5
 ffffffe00015c0de, ffffffe00015c0e2,5
 ffffffe00015c104, ffffffe00015c108,5
 ffffffe00015c10a, ffffffe00015c10e,5
 ffffffe00015c118, ffffffe00015c14e,5
 ffffffe00015c150, ffffffe00015c154,5
 ffffffe00015c156, ffffffe00015c15a,5
 ffffffe00015c168, ffffffe00015c208,5
 ffffffe00015c20e, ffffffe00015b95a,5
 ffffffe00015b970, ffffffe00015b9a6,5
 ffffffe00015b9ce, ffffffe00015c212,5
 ffffffe00015c218, ffffffe00015b922,5
 ffffffe00015b92c, ffffffe00015b94c,5
 ffffffe00015b94e, ffffffe00015c21c,5
 ffffffe00015c21c, ffffffe00015c1e0,5
 ffffffe00015c200, ffffffe00012b836,5
 ffffffe00012b83a, ffffffe00012b84e,5
 ffffffe00012b850, ffffffe00015c204,5
 ffffffe00015c206, ffffffe00015c16c,5
 ffffffe00015c17a, ffffffe00015c17e,5
 ffffffe00015c1d4, ffffffe00015c12e,5
 ffffffe00015c14c, ffffffe000175bfc,5
 ffffffe000175c00, ffffffe00015bd86,5
 ffffffe00015bd8e,19786,5
 ffffffe00015bd2a, ffffffe00015bd2c,5
 ffffffe00015bd36, ffffffe00015bd92,5
 ffffffe00015bd92, ffffffe00015bd94,5
 ffffffe00015bd98, ffffffe00015bd9a,5
 ffffffe00015bd9e, ffffffe00015cf00,5
 ffffffe00015cf14, ffffffe00015bda0,5
 ffffffe00015bda0, ffffffe00015bdb0,5
 ffffffe00015bdb8, ffffffe000175c04,5
 ffffffe000175c04, ffffffe000175c08,5
 ffffffe000175c0a, ffffffe000175c12,5
 ffffffe000175c14, ffffffe000175c46,5
 ffffffe000175c4a, ffffffe00015c8a6,5
 ffffffe00015c7f0, ffffffe00015c7f4,5
 ffffffe00015c802, ffffffe00015c804,5
 ffffffe00015c804, ffffffe00015b9d0,5
 ffffffe00015ba04, ffffffe00015ba26,5
 ffffffe00015ba28, ffffffe00015b8d4,5
 ffffffe00015b8de, ffffffe00015b916,5
 ffffffe00015b916, ffffffe00015ba2c,5
 ffffffe00015ba44, ffffffe00015baa8,5
 ffffffe00015baa8, ffffffe00015ba96,5
 ffffffe00015baa6, ffffffe00015c808,5
 ffffffe00015c81c, ffffffe00015c81e,5
 ffffffe00015c82a, ffffffe00015c844,5
 ffffffe00015c85c, ffffffe000175c4e,5
 ffffffe000175c4e, ffffffe000175c50,5
 ffffffe000175c50, ffffffe000175c18,5
 ffffffe000175c38, ffffffe000175cde,5
 ffffffe000175ce4, ffffffe00007e596,5
 ffffffe00007e59c, ffffffe00007e5a0,5
 ffffffe00007e5d2, ffffffe00007e5d4,5
 ffffffe00007e5de, ffffffe00007e5e0,5
 ffffffe00007e5e6, ffffffe00007e5e8,5
 ffffffe00007e5fa, ffffffe00007e5fe,5
 ffffffe00007e614, ffffffe00007e620,5
 ffffffe00007e624, ffffffe00007e628,5
 ffffffe00007e638, ffffffe000175ce8,5
 ffffffe000175cf4, ffffffe000172482,5
 ffffffe000172484, ffffffe000172488,5
 ffffffe000172494, ffffffe0001724bc,5
 ffffffe0001724cc, ffffffe00017273a,5
 ffffffe00017273a, ffffffe00017273e,5
 ffffffe000138692, ffffffe00003aa84,5
 ffffffe00013869c, ffffffe000036e20,5
 ffffffe00013890c, ffffffe0001389a6,5
 ffffffe0001389aa, ffffffe0001389b6,5
 ffffffe0001389bc, ffffffe000138782,5
 ffffffe000138788, ffffffe00013878a,5
 ffffffe000138796, ffffffe0001389be,5
 ffffffe0001389c2, ffffffe0001389c4,5
 ffffffe0001389c8, ffffffe00013890e,5
 ffffffe000138920, ffffffe000138954,5
 ffffffe00013896a, ffffffe00003aa84,5
 ffffffe000138974, ffffffe000138922,5
 ffffffe000138926, ffffffe000036e20,5
 ffffffe0000394f8, ffffffe0000394fa,5
 ffffffe000039504, ffffffe000039506,5
 ffffffe00003950e, ffffffe000039512,5
 ffffffe000039530, ffffffe000037496,5
 ffffffe0000374b2, ffffffe00003745a,5
 ffffffe000037468, ffffffe000037358,5
 ffffffe00003737c, ffffffe000037380,5
 ffffffe0000373aa, ffffffe00015d256,5
 ffffffe00015d288, ffffffe00015d28a,5
 ffffffe00015d28c,24126,5
 ffffffe00015d29e, ffffffe00015d2a2,5
 ffffffe00015d2d0, ffffffe0000373ac,5
 ffffffe0000373b6, ffffffe0000373b8,5
 ffffffe0000373b8, ffffffe0000373bc,5
 ffffffe0000373bc, ffffffe0000373d8,5
 ffffffe0000373e0, ffffffe0000373e4,5
 ffffffe000037402, ffffffe00003746c,5
 ffffffe000037478, ffffffe0001749ca,5
 ffffffe0001749e8, ffffffe0001749ec,5
 ffffffe000174a2a, ffffffe000174a2e,5
 ffffffe000174b22, ffffffe000174b26,5
 ffffffe000174b26, ffffffe000174b2a,5
 ffffffe000174b32, ffffffe000174b36,5
 ffffffe000174b3c, ffffffe00003747c,5
 ffffffe000037480, ffffffe000037482,5
 ffffffe000037486, ffffffe000038bec,5
 ffffffe000038bf0, ffffffe000038bf2,5
 ffffffe000038c0e, ffffffe000038c12,5
 ffffffe000038c16, ffffffe000038c1a,5
 ffffffe000038c1e, ffffffe000038c20,5
 ffffffe000038c20, ffffffe000038d4e,5
 ffffffe000038d5c, ffffffe000038d60,5
 ffffffe000038d7a, ffffffe000038c56,5
 ffffffe000038c64, ffffffe000038c68,5
 ffffffe000038c7c, ffffffe00003748a,5
 ffffffe000037494, ffffffe0000374b6,5
 ffffffe0000374cc, ffffffe000039534,5
 ffffffe00003953a, ffffffe000036e40,5
 ffffffe000138988, ffffffe00013898c,5
 ffffffe0001389a4, ffffffe00013872a,5
 ffffffe000138730, ffffffe000138732,5
 ffffffe00013873e, ffffffe000036e40,5
 ffffffe00001a36e, ffffffe0001386a8,5
 ffffffe000032ff2, ffffffe000033a90,5
 ffffffe000033aa2, ffffffe000033aa4,5
 ffffffe000033aaa, ffffffe000033ab6,5
 ffffffe000033ac2, ffffffe0001620a4,5
 ffffffe000014bf6, ffffffe000014bfa,5
2.00E+80, 2000006e5c,5
 ffffffe000066d7c, ffffffe000066d90,5
2000092130,2000092134,4
 2000084a80, 2000084a82,4
 2000084a94, 2000084b14,4
 2000084b1a, 2000084b1e,4
 2000084b22, 2000084b26,4
 2000084b2e, 2000084b32,4
 2000084b58, 2000084b5c,4
 2000084b60,2000090834,4
 200009084a, 2000090c24,4
 2000090c38, 2000090c80,4
 2000090c8a, 2000090c8c,4
 2000090cac, 200009084e,4
2000090854,2000090858,4
2000090860, 2000084b64,4
 2000084b6e, 2000084b72,4
 2000084afc, 2000084b00,4
 2000084b12, 200007260c,4
 20000629d0, 20000629ba,4
 ffffffe000232304, ffffffe000232308,4
 2000006d6c, 2000006d70,4
 2000006d74, 2000006d7e,4
 2000006d82, 2000006d84,4
 2000006d90, 2000006d92,4
 2000006d96, 2000006d98,4
 2000006db4, 2000006db8,4
 2000006dda, 2000006ddc,4
2.00E+07, 200000b0c2,4
2.00E+13, 2000006bee,4
 ffffffe000228d74, ffffffe000228d88,4
 ffffffe000228d88, ffffffe000228e1e,4
 ffffffe000228e1e, ffffffe000228e20,4
 ffffffe000228e20, ffffffe000228e24,4
 ffffffe000228e28, ffffffe000228d4c,4
 ffffffe00002b7de, ffffffe00002b7e0,4
 ffffffe00002b7f6, ffffffe00002d50a,4
 ffffffe00002d510, ffffffe00002d512,4
 ffffffe00002d512, ffffffe0000447b0,4
 ffffffe0000447e6,49962,4
 ffffffe000198dee, ffffffe0000447e8,4
 ffffffe0000447fc, ffffffe000044800,4
 ffffffe000044820, ffffffe00002b7fa,4
 ffffffe00002b802, ffffffe00002b806,4
 ffffffe00002b81c, ffffffe00002c452,4
 ffffffe00002de4a, ffffffe00002de4e,4
 ffffffe00002de52, ffffffe00002de54,4
 ffffffe00002de5a, ffffffe00002de5e,4
 ffffffe00002de6e, ffffffe00002de72,4
 ffffffe00002de78, ffffffe00002dde8,4
 ffffffe00002ddf6, ffffffe00002ddf8,4
 ffffffe00002ddfa, ffffffe00002ddfc,4
 ffffffe00002ddfe, ffffffe00002de12,4
 ffffffe00002de16, ffffffe00002de1a,4
 ffffffe00002de24, ffffffe00002de7c,4
 ffffffe00002de84, ffffffe00002de8c,4
 ffffffe00002de98, ffffffe00002deae,4
 ffffffe00002deb6, ffffffe00002c45a,4
 ffffffe00003d5b4, ffffffe00003d648,4
 ffffffe0002321a0, ffffffe000232120,4
 ffffffe00003c516, ffffffe00003c51a,4
 2000084bb4, 2000084b56,3
 2000084b76, 2000084af4,3
 20000856a0, 20000856a4,3
 20000856ac, 20000856b0,3
 20000856b0, 20000856b4,3
 20000856b8,2000085738,3
 20000853ba, 20000853d0,3
 20000853d2, 2000083c3c,3
 2000083c84, 2000083cec,3
 2000083cf0, 2000083c8c,3
 2000083c8c, 2000083c90,3
 2000083c9a,2000084576,3
2000084594,2000084598,3
 20000845ac, 20000845ae,3
 20000845ae, 20000c78e6,3
 20000c7902, 20000c7904,3
 ffffffe000081970, ffffffe000094a80,3
 ffffffe000094a88, ffffffe000094418,3
 ffffffe000094422, ffffffe000094426,3
 ffffffe00009442a, ffffffe00009442e,3
 ffffffe00009443a, ffffffe00009443c,3
 ffffffe000094442, ffffffe000094446,3
 ffffffe000094446, ffffffe000094a8c,3
 ffffffe000094a90, ffffffe000094a92,3
 ffffffe000094a98, ffffffe000094ab4,3
 ffffffe000094abc, ffffffe000081974,3
 ffffffe000081978, ffffffe00008197a,3
 ffffffe00008198a, ffffffe0000817c8,3
 ffffffe0000817dc, ffffffe0000817de,3
 ffffffe0000817e2, ffffffe0000817e6,3
 ffffffe0000817ec, ffffffe0000817f0,3
 ffffffe0000817f2, ffffffe0000817f6,3
 ffffffe000081806, ffffffe000080e7a,3
 ffffffe000080e7e, ffffffe000080e82,3
 ffffffe000080e84, ffffffe000080e88,3
 ffffffe000080e8c, ffffffe000080e90,3
 ffffffe000080e96, ffffffe000080e9a,3
 ffffffe000080e9c, ffffffe00008180a,3
 ffffffe00008180c, ffffffe00008180e,3
 ffffffe000081812, ffffffe00008181a,3
 ffffffe000081826, ffffffe00008182a,3
 ffffffe000081832, ffffffe00008165a,3
 ffffffe00008166a, ffffffe00008166c,3
 ffffffe00008166c, ffffffe00015e916,3
 ffffffe00015e948, ffffffe00015e6a8,3
 ffffffe00015e6ac, ffffffe00015e6ae,3
 ffffffe00015e6b8, ffffffe00015e6bc,3
 ffffffe00015e6c0, ffffffe00015e94c,3
 ffffffe00015e94c, ffffffe00015e950,3
 ffffffe00015e950, ffffffe00015e954,3
 ffffffe00015e958, ffffffe00015e95c,3
 ffffffe00015e964, ffffffe00015e968,3
 ffffffe00015e96a, ffffffe00015e96e,3
 ffffffe00015e970, ffffffe000164aea,3
 ffffffe000164afe, ffffffe0002346d8,3
 ffffffe0002346e0, ffffffe0002346e4,3
 ffffffe0002346e6, ffffffe000164b02,3
 ffffffe000164b04, ffffffe000164b06,3
 ffffffe000164b10, ffffffe00015e974,3
 ffffffe00015e976, ffffffe00015e97a,3
 ffffffe00015e982, ffffffe00015e986,3
 ffffffe00015e996, ffffffe00015e464,3
 ffffffe00015e474, ffffffe000233afc,3
 ffffffe000233b04, ffffffe000233b10,3
 ffffffe000233b1a, ffffffe000233b1e,3
 ffffffe000233b22, ffffffe000233b24,3
 ffffffe000233b24, ffffffe000233b38,3
 ffffffe000233b3a, ffffffe00015e478,3
 ffffffe00015e478, ffffffe00015e484,3
 ffffffe00015e48e, ffffffe00015e99a,3
 ffffffe00015e99c, ffffffe00015e9a0,3
 ffffffe00015e9ac, ffffffe00015ea62,3
 ffffffe00015ea66, ffffffe00015ea74,3
 ffffffe00015ea78, ffffffe00015ea7c,3
 ffffffe00015ea88, ffffffe00015e9ec,3
 ffffffe00015e9ee, ffffffe00015e9f8,3
 ffffffe00015e9fe, ffffffe00015ea04,3
 ffffffe00015ea06, ffffffe0001334d0,3
 ffffffe0001334e4, ffffffe0001334e8,3
 ffffffe0001334ea, ffffffe0001334fe,3
 ffffffe0001334fe, ffffffe0002322dc,3
 ffffffe000232346,12196,3
 ffffffe000133504, ffffffe0001334f0,3
 ffffffe0001334fc, ffffffe00015ea0a,3
 ffffffe00015ea0e, ffffffe00015ea10,3
 ffffffe00015ea16, ffffffe000161ef2,3
 ffffffe000161f32, ffffffe000161f4e,3
 ffffffe000161f54, ffffffe000233d7c,3
 ffffffe000161f5a, ffffffe000161ad0,3
 ffffffe000161aea, ffffffe000161b22,3
 ffffffe000161b2c, ffffffe000161f5e,3
 ffffffe000161f6c, ffffffe000030e0c,3
 ffffffe000030e2a, ffffffe000161f70,3
 ffffffe000161f78, ffffffe000161f7c,3
 ffffffe000161f96, ffffffe00015f4c0,3
 ffffffe00015f4c0, ffffffe00015f4c2,3
 ffffffe00015f4d2, ffffffe000161f9a,3
 ffffffe000161f9a, ffffffe000161f9e,3
 ffffffe000161fa2, ffffffe000161fac,3
 ffffffe000161fb2, ffffffe000161fb6,3
 ffffffe000161fb6, ffffffe000161fb8,3
 ffffffe000161fc4, ffffffe000233a5c,3
 ffffffe000161fca, ffffffe000163c7c,3
 ffffffe000161fce, ffffffe000161fd2,3
 ffffffe000161fdc, ffffffe000161fe2,3
 ffffffe000161fe8, ffffffe000161fea,3
 ffffffe0001620e6, ffffffe0001620f2,3
 ffffffe0001620f4, ffffffe000162030,3
 ffffffe000162038, ffffffe0001726b2,3
 ffffffe000162040, ffffffe000233a72,3
 ffffffe000162044, ffffffe000162048,3
 ffffffe00016204e, ffffffe000162050,3
 ffffffe00016205c, ffffffe000233a5c,3
 ffffffe000162062, ffffffe000163c7c,3
 ffffffe00016206c, ffffffe0001610d6,3
 ffffffe0001610e0, ffffffe0001610e4,3
 ffffffe0001610e8, ffffffe0001610ec,3
 ffffffe0001610ec, ffffffe0001610f0,3
 ffffffe0001610f2, ffffffe0001611a2,3
 ffffffe0001611aa, ffffffe0001611b8,3
 ffffffe0001611ba, ffffffe0001611bc,3
 ffffffe0001611be, ffffffe0001611c2,3
 ffffffe0001611dc, ffffffe0001726b2,3
 ffffffe0001611de, ffffffe00016114a,3
 ffffffe000161152, ffffffe000162070,3
 ffffffe000162074, ffffffe000233a72,3
 ffffffe000162078, ffffffe00016207c,3
 ffffffe000162080, ffffffe000162082,3
 ffffffe000162086, ffffffe00016208c,3
 ffffffe000162096,30965,3
 ffffffe000030e6c, ffffffe00016209a,3
 ffffffe0001620a0, ffffffe000032ff2,3
 ffffffe0001620a4, ffffffe0001620a8,3
 ffffffe0001620ca, ffffffe00015ea18,3
 ffffffe00015ea1e, ffffffe00015ea22,3
 ffffffe00015ea26, ffffffe00015ea36,3
 ffffffe00015ea36, ffffffe00015ea8a,3
 ffffffe00015ea92, ffffffe00003f206,3
 ffffffe00003f212, ffffffe00015ea96,3
 ffffffe00015eaa0, ffffffe00015ea3a,3
 ffffffe00015ea3c, ffffffe00015e49a,3
 ffffffe00015e4a6, ffffffe000233a72,3
 ffffffe00015e4be, ffffffe000030e6e,3
 ffffffe000030e72, ffffffe000030d86,3
 ffffffe000030dae, ffffffe000030dc0,3
 ffffffe000030dc0, ffffffe000030c90,3
 ffffffe000030ca8, ffffffe000030caa,3
 ffffffe000030cb2, ffffffe000030cb6,3
 ffffffe000030cc2, ffffffe000030d16,3
 ffffffe000030d30, ffffffe000030dc4,3
 ffffffe000030dce, ffffffe000030dd0,3
 ffffffe000030dde, ffffffe00015ea40,3
 ffffffe00015ea42, ffffffe000164b56,3
 ffffffe000164b5c, ffffffe00016624e,3
 ffffffe000166256, ffffffe00016625a,3
 ffffffe00016625a, ffffffe00015ea46,3
 ffffffe00015ea60, ffffffe00008166e,3
 ffffffe000081676, ffffffe000081836,3
 ffffffe000081838, ffffffe00008183c,3
 ffffffe00008184e, ffffffe000081852,3
 ffffffe000081858, ffffffe000081890,3
 ffffffe000081898, ffffffe0000a9920,3
 ffffffe0000a9932, ffffffe0000a9934,3
 ffffffe0000a993c, ffffffe0000a9940,3
 ffffffe0000a9950, ffffffe00008189c,3
 ffffffe0000818a8, ffffffe0000a9452,3
 ffffffe0000a9482, ffffffe0000a9526,3
 ffffffe0000a952e, ffffffe0000a987a,3
 ffffffe0000a987a, ffffffe0000a987e,3
 ffffffe0000a9884, ffffffe0000a9888,3
 ffffffe0000a9888, ffffffe0000a9506,3
 ffffffe0000a9524, ffffffe0000818ac,3
 ffffffe0000818ac, ffffffe00008185c,3
 ffffffe000081868, ffffffe00008186c,3
 ffffffe00008187c, ffffffe00008198e,3
 ffffffe000081990, ffffffe000081994,3
 ffffffe00008199c, ffffffe00008199e,3
 ffffffe0000819a2, ffffffe0000819a4,3
 ffffffe0000819b2, ffffffe000014bec,3
 20000c7910, 20000c7914,3
 20000c791a, 20000c791e,3
 20000c792a, 20000845b2,3
 20000845b2, 20000845b6,3
 20000845ba, 20000845be,3
 20000845c6, 20000845d0,3
 20000845d6, 20000845da,3
2.00E+15, 2000083c9c,3
 2000083ca2, 2000083ca8,3
 2000083cb8, 2000083ce0,3
 2000083ce6, 2000083cbe,3
 2000083cc8, 2000083ccc,3
 2000083cde, 20000853d6,3
2.00E+09, 20000853bc,3
 20000853c2, 20000853c6,3
 20000853ce, 2000084acc,3
2.00E+66,2.00E+70,3
 ffffffe000066d92, ffffffe000066d7a,3
 ffffffe000066d80, ffffffe000066d84,3
 ffffffe000066d86, ffffffe000066d90,3
 ffffffe00003ecfc, ffffffe00003ee2a,3
 ffffffe00003ee2e, ffffffe00003ee32,3
 ffffffe00003ee34, ffffffe00003ecf4,3
 ffffffe00001a3d0, ffffffe00001a3b0,3
 ffffffe00001a3c4, ffffffe00001a3d4,3
 ffffffe00001a3e4, ffffffe00001a3f6,3
 ffffffe00001a402, ffffffe00003cbda,3
 ffffffe000235704, ffffffe00023570a,3
 ffffffe00023570e, ffffffe000235714,3
 ffffffe000235718, ffffffe00023571e,3
 ffffffe000235722, ffffffe000235728,3
 ffffffe00023572a, ffffffe00023572c,3
 ffffffe000235764, ffffffe00003c4bc,3
 ffffffe00023576a, ffffffe00023576e,3
 ffffffe000235776, ffffffe0002356fe,3
 ffffffe00003bab4, ffffffe00003bab8,3
 ffffffe00003bab8, ffffffe000029b0e,3
 ffffffe00007dc88, ffffffe00007dc8a,3
 ffffffe00007dc8a, ffffffe00007dc8c,3
 ffffffe00007dcbc, ffffffe00007dcbe,3
 ffffffe00007dcc8, ffffffe00007dccc,3
 ffffffe00007dce4, ffffffe00007dd12,3
 ffffffe00007dd16, ffffffe00007dd52,3
 ffffffe00007dd5e, ffffffe00003baba,3
 ffffffe00003bac0, ffffffe00001a23e,3
 ffffffe00001a252, ffffffe00001a254,3
 ffffffe00001a274, ffffffe00001a276,3
 ffffffe00001a286, ffffffe00003bac4,3
 ffffffe00003bac6, ffffffe00003baa4,3
 20000920ba, 20000920bc,2
2000092138, 200009213c,2
 200009213c, 200009213e,2
2000092144,2000092148,2
2000092148, 200009214a,2
2000092152,2000092156,2
2000092156,2000092158,2
 20000920d6, 20000920da,2
 20000920de, 20000725cc,2
 20000921a0,2000092110,2
 2000090c46, 2000090c48,2
 2000090c6e, 2000090cae,2
 2aaaaaac48, 2aaaaaac00,2
 2aaaaaac1c, 200000e6c8,2
 200000e6fc, 2000009f9a,2
 2000009fde, 2000009fe2,2
 2000009fe8, 2000009fea,2
 2000009fee, 2000009ff0,2
 200000a020, 200000a022,2
 200000a036, 200000735e,2
 200000738e,2000007392,2
 20000073ce, 20000073d2,2
 20000073d6, 20000073da,2
2.00E+09,2.00E+13,2
2.00E+13, 20000073ea,2
 20000073f8,2000007408,2
 200000741a, 2000006d04,2
 2000006ddc, 2000006de0,2
 2000006de4, 2000006de6,2
 2000006de8, 200000b0b0,2
 200000b0be, 20000113ca,2
 200000b0c2, 200000b0c4,2
 200000b0c6, 200000b0ce,2
 200000b0d2, 20000113ca,2
 200000b0d6, 200000b0ca,2
 200000b0cc, 200000b0e4,2
 200000b0ee, 2000006dec,2
 2000006dec, 2000006df0,2
 2000006df4, 2000006d66,2
2.00E+52,2.00E+54,2
 2000006e5a,2.00E+70,2
 2000006eb0, 2000006b94,2
 2000006bb8, 2000006bbc,2
 2000006bc4, 2000006bc8,2
 2000006bd2, 2000006bd4,2
 2000006be0, 2000006be4,2
 2000006bea, 20000113ca,2
 2000006bee, 2000006bf0,2
 2000006bf4, 2000006bf8,2
 2000006bf8, 2000006bfa,2
 2000006c24, 2000006ca6,2
 2000006cac, 20000113ca,2
 2000006cb0, 2000006c40,2
 2000006c50, 2000006eb4,2
 2000006eb6, 20000072ac,2
 20000072b6, 20000072ba,2
 20000072c2,2000007050,2
 200000704e, 2000006dfa,2
2.00E+22, 200000741e,2
 200000741e,2000007488,2
 200000748e,2000007490,2
2000007490,2000007492,2
 200000749a, 200000749e,2
 20000074b2, 20000074b6,2
 20000074ba, 20000074be,2
 20000074ca, 20000074ce,2
 20000074f2, 200000a03a,2
 200000a040, 200000a042,2
 200000a046, 200000a048,2
 200000a050, 200000a054,2
 200000a054, 200000a058,2
 200000a068, 200000a06c,2
 200000a076, 200000a078,2
 200000a080, 200000e6fe,2
 200000e724,38276,2
 ffffffe000014baa, ffffffe000014bae,2
 ffffffe000014bb2, ffffffe000015ed6,2
 ffffffe000015f10, ffffffe000015f14,2
 ffffffe000015f18,38680,2
 ffffffe000015f22, ffffffe000015f24,2
 ffffffe000015f2a, ffffffe000015f2c,2
 ffffffe000015f2c, ffffffe000015f30,2
 ffffffe000015f3c, ffffffe000015f40,2
 ffffffe000015f58, ffffffe000233d7c,2
 ffffffe000015f60, ffffffe00006dfa6,2
 ffffffe00006dfb4, ffffffe000066d20,2
 ffffffe000066d2a, ffffffe000066d3a,2
 ffffffe000066d42, ffffffe000066d46,2
 ffffffe000066d4c, ffffffe000066d72,2
 ffffffe000066d8c, ffffffe000066d30,2
 ffffffe000066d38, ffffffe00006dfb8,2
 ffffffe00006dfba, ffffffe00006dfbc,2
 ffffffe00006dfc8, ffffffe000015f64,2
 ffffffe000015f66, ffffffe000015f68,2
 ffffffe000015f6a, ffffffe000015f6e,2
 ffffffe000015f6e, ffffffe000015f72,2
 ffffffe000015f72, ffffffe000015f76,2
 ffffffe000015f9c, ffffffe00006bb58,2
 ffffffe00006bb74, ffffffe00006b4ac,2
 ffffffe00006b4d4, ffffffe00006b4d8,2
 ffffffe00006b50c, ffffffe00006b50e,2
 ffffffe00006b516, ffffffe00006b518,2
 ffffffe00006b532, ffffffe00006b534,2
 ffffffe00006b538, ffffffe00006b53a,2
 ffffffe00006b558, ffffffe00006b5d2,2
 ffffffe00006b5da, ffffffe00006b5dc,2
 ffffffe00005038c, ffffffe000228cd0,2
 ffffffe000228ce4, ffffffe000228cfa,2
 ffffffe000228cfe, ffffffe000228d02,2
 ffffffe000228d30, ffffffe000228d34,2
 ffffffe000228d42, ffffffe000228d46,2
 ffffffe000228d46, ffffffe000228d48,2
 ffffffe000228d48, ffffffe000228d4c,2
 ffffffe000228e60, ffffffe000228e6c,2
 ffffffe000228e7e, ffffffe000050390,2
 ffffffe000050392, ffffffe000050312,2
 ffffffe00006b5d0, ffffffe000015fa0,2
 ffffffe000015fa6, ffffffe000015fb2,2
 ffffffe000015fb8, ffffffe000015fba,2
 ffffffe000015fbe, ffffffe000015fc2,2
 ffffffe000015fc4, ffffffe000015fe0,2
 ffffffe000015fea, ffffffe000015fd0,2
 ffffffe000015fd0, ffffffe0000160ee,2
 ffffffe00001610c, ffffffe000032ff2,2
 ffffffe000021816, ffffffe000021818,2
 ffffffe000021820, ffffffe00002d974,2
 ffffffe00002d986, ffffffe00002d6e8,2
 ffffffe00002d6fa, ffffffe00002d796,2
 ffffffe00002d79a, ffffffe00002c3f2,2
 ffffffe00002c40a, ffffffe00002c40e,2
 ffffffe00002c428, ffffffe00002c444,2
 ffffffe00002c448, ffffffe00002c44c,2
 ffffffe00002c44e, ffffffe00002b7d6,2
 ffffffe00002c458, ffffffe00002e25c,2
 ffffffe00002e25c, ffffffe00002de32,2
 ffffffe00002c45a, ffffffe00002c42c,2
 ffffffe00002c442, ffffffe00002d79e,2
 ffffffe00002d7aa,51152,2
 ffffffe00002d734, ffffffe00002d738,2
 ffffffe00002d75c, ffffffe00002d760,2
 ffffffe00002d760,51488,2
 ffffffe00002d76c, ffffffe00002d770,2
 ffffffe00002d778, ffffffe00002d98a,2
 ffffffe00002d998,51574,2
 ffffffe00002d8a0, ffffffe00002d8a4,2
 ffffffe00002d8a8, ffffffe00002d8aa,2
 ffffffe00002d8ae, ffffffe00002d8b2,2
 ffffffe00002d8ca, ffffffe00002d99c,2
 ffffffe00002d9a6, ffffffe000021824,2
 ffffffe000021832, ffffffe00003c0c8,2
 ffffffe00002183a, ffffffe00003c0c8,2
 ffffffe000021842, ffffffe00003c0c8,2
 ffffffe00002184a, ffffffe00003c0c8,2
 ffffffe00002185c, ffffffe000133522,2
 ffffffe000133528, ffffffe000133530,2
 ffffffe000133532, ffffffe000133536,2
 ffffffe000133536, ffffffe0002322dc,2
 ffffffe000021860, ffffffe000021862,2
 ffffffe000021868, ffffffe00003c0c6,2
 ffffffe00003c0c6, ffffffe00002186c,2
 ffffffe000021876, ffffffe000014bec,2
 20000adb84, 20000adb96,2
 20000adb9a, 20000adb9e,2
 20000adba2, 2aaaaab346,2
80000024,80000028,2
 ffffffe0001386be, ffffffe00001562e,2
 ffffffe00001563a, ffffffe0000443a6,2
 ffffffe0000443b4, ffffffe000044326,2
 ffffffe00004432c, ffffffe000044348,2
 ffffffe000044372, ffffffe00003f2d8,2
 ffffffe00003f2e2, ffffffe00002d3ec,2
 ffffffe00002d3fc, ffffffe00002d498,2
 ffffffe00002d498,67614,2
 ffffffe000044382, ffffffe00003eb84,2
 ffffffe00003ebac, ffffffe00003ebb0,2
 ffffffe00003ebbc,67972,2
 ffffffe00003ebca, ffffffe00003ebce,2
 ffffffe00003ebd0, ffffffe00003ebd2,2
 ffffffe00003ebd8, ffffffe00003f004,2
 ffffffe00003f00a, ffffffe00003ebe2,2
 ffffffe00003ebe8, ffffffe00003ebee,2
 ffffffe00003ebf4, ffffffe00003ebf6,2
 ffffffe00003ec00, ffffffe00003ec02,2
 ffffffe00003ec0c, ffffffe00003ec0e,2
 ffffffe00003ec12, ffffffe00003ec18,2
 ffffffe00003ec1e, ffffffe00003ec20,2
 ffffffe00003ec2a, ffffffe00003effe,2
 ffffffe00003f002, ffffffe00003ec2e,2
 ffffffe00003ec34, ffffffe00003ec3a,2
 ffffffe00003ec40, ffffffe00003ec42,2
 ffffffe00003ec4c, ffffffe00003ec4e,2
 ffffffe00003ec58, ffffffe00003ec5a,2
 ffffffe00003ec5e, ffffffe00003ec62,2
 ffffffe00003ec74, ffffffe00003f68c,2
 ffffffe00003ec7c, ffffffe00003ec7e,2
 ffffffe00003ec88, ffffffe00003ec8e,2
 ffffffe00003ec94, ffffffe00003ec9a,2
 ffffffe00003eca0, ffffffe00003eca2,2
 ffffffe00003ecac, ffffffe00003ecb2,2
 ffffffe00003ecb8, ffffffe00003ecbe,2
 ffffffe00003ecbe, ffffffe00003ecc4,2
 ffffffe00003ecce, ffffffe00003ecd6,2
 ffffffe00003ecf0, ffffffe00003ecf4,2
 ffffffe00003ed38, ffffffe00003ed3c,2
 ffffffe00003ed40, ffffffe00003edba,2
 ffffffe00003eddc, ffffffe00003edfa,2
 ffffffe00003ee4a, ffffffe00003ee4c,2
 ffffffe00003ee50, ffffffe00003f68c,2
 ffffffe00003ee5c, ffffffe00003f68c,2
 ffffffe00003ee70, ffffffe00003ee74,2
 ffffffe00003ee74, ffffffe00003ee78,2
 ffffffe00003ee7e, ffffffe00003ee82,2
 ffffffe00003ee8a, ffffffe00003f09c,2
 ffffffe00003f0ac, ffffffe00003ee8e,2
 ffffffe00003ee90, ffffffe00003ee94,2
 ffffffe00003eeb2, ffffffe00003eeb6,2
 ffffffe00003eeba, ffffffe00003ef34,2
 ffffffe00003ef52, ffffffe00003d5b6,2
 ffffffe00003d5c8, ffffffe00003d5ca,2
 ffffffe00003d5ca, ffffffe00003f694,2
 ffffffe00003f69c, ffffffe00003f6cc,2
 ffffffe00003f6d0, ffffffe00003d5ce,2
 ffffffe00003d5d4, ffffffe00003d5de,2
 ffffffe00003d62e, ffffffe0000297ae,2
 ffffffe0000297b2, ffffffe000029492,2
 ffffffe0000294a4, ffffffe0000294ea,2
 ffffffe0000294ec, ffffffe0000294d8,2
 ffffffe0000294e8, ffffffe00003d632,2
 ffffffe00003d644, ffffffe00003d55c,2
 ffffffe00003d654, ffffffe00003d55c,2
 ffffffe00003d658, ffffffe00003d664,2
 ffffffe00003d668, ffffffe00003d688,2
 ffffffe00003d692, ffffffe00003ef56,2
 ffffffe00003ef6e, ffffffe0002320e4,2
 ffffffe0002320f4, ffffffe0002320f8,2
 ffffffe0002320f8, ffffffe000232116,2
 ffffffe00023211a, ffffffe00023211c,2
 ffffffe00003efa8, ffffffe000044386,2
 ffffffe0000443a2, ffffffe00003cbc2,2
 ffffffe00003cbd2, ffffffe00002d7b4,2
 ffffffe00002d7b6, ffffffe00002d7ee,2
 ffffffe00002d7f6, ffffffe00002d51e,2
 ffffffe00002d534, ffffffe00002d546,2
 ffffffe00002d56c, ffffffe00002d576,2
 ffffffe00002d576, ffffffe00003cbd6,2
 ffffffe00003cbd6, ffffffe00003cb94,2
 ffffffe00003cb98, ffffffe00003cff8,2
 ffffffe00003d03a, ffffffe00003f2e6,2
 ffffffe00003f31c,71105,2
 ffffffe00003f32c,71120,2
 ffffffe00003f362, ffffffe00003f382,2
 ffffffe00003f386,71480,2
 ffffffe00003f392, ffffffe00003f396,2
 ffffffe00003f3aa, ffffffe00003d03e,2
 ffffffe00003d042, ffffffe00003d046,2
 ffffffe00003d068, ffffffe00003d06a,2
 ffffffe00003d074, ffffffe00003d076,2
 ffffffe00003d078, ffffffe00003d11c,2
 ffffffe00003d126, ffffffe00003d12a,2
 ffffffe00003d144, ffffffe00003cb9c,2
 ffffffe00003cbae, ffffffe00003cbb2,2
 ffffffe00003cbb8, ffffffe00001a3c6,2
 ffffffe00003cbdc, ffffffe00003bc4c,2
 ffffffe00003bc4c, ffffffe00003bc60,2
 ffffffe00003bc64, ffffffe00003bbba,2
 ffffffe00003bbd0, ffffffe00003bbd4,2
 ffffffe00003bc6c, ffffffe00003cbe0,2
 ffffffe00003cbec, ffffffe00003cbee,2
 ffffffe00003cbee, ffffffe00004d4b6,2
 ffffffe00004d4c0, ffffffe00004d4c2,2
 ffffffe00004d4ca,72656,2
 ffffffe00004d360, ffffffe00004d362,2
 ffffffe00004d364, ffffffe00004d3be,2
 ffffffe00004d3be, ffffffe00003cbf2,2
 ffffffe00003cbf2, ffffffe00002c476,2
 ffffffe00002c49a, ffffffe00002b7d6,2
 ffffffe00002c4aa, ffffffe00002def0,2
 ffffffe00002defe, ffffffe00002df00,2
 ffffffe00002df0a, ffffffe00002de32,2
 ffffffe00002df14, ffffffe00002df4a,2
 ffffffe00002df5a, ffffffe00002c4ac,2
 ffffffe00002c4ae, ffffffe00002d4a4,2
 ffffffe00002d4b0, ffffffe00002d4e0,2
 ffffffe00002d4e0, ffffffe00002c4b2,2
 ffffffe00002c4bc, ffffffe00003cbf6,2
 ffffffe00003cc00, ffffffe000042c30,2
 ffffffe000042c4c, ffffffe000042c50,2
 ffffffe000042c54, ffffffe000042c58,2
 ffffffe000042c5c, ffffffe000042c60,2
 ffffffe000042c6c, ffffffe000042e34,2
 ffffffe000042e46, ffffffe0000443b8,2
 ffffffe0000443bc, ffffffe0000443cc,2
 ffffffe0000443dc, ffffffe000043f5e,2
 ffffffe000043f68, ffffffe000043f6c,2
 ffffffe000043f76, ffffffe000043f7a,2
 ffffffe000043f7e, ffffffe000043f82,2
 ffffffe000043f86, ffffffe000043ff0,2
 ffffffe000043ff0, ffffffe00003dd56,2
 ffffffe00003dd66, ffffffe00003dd68,2
 ffffffe00003dd7a,74089,2
 ffffffe00003dd8a,74159,2
 ffffffe00003dda8, ffffffe00003ddac,2
 ffffffe00003ddcc, ffffffe000043ff4,2
 ffffffe000043ff8, ffffffe000043ffc,2
 ffffffe000043ffe, ffffffe000044002,2
 ffffffe000044006, ffffffe00004400c,2
 ffffffe000044020, ffffffe000198df0,2
 ffffffe000198df8,74564,2
8.00E+24,8.00E+28,2
8.00E+40, 80001e4a,2
8.00E+74,75227,2
 ffffffe000198e0e, ffffffe000044022,2
 ffffffe000044022, ffffffe000043f9c,2
 ffffffe000043fa8, ffffffe0000443e0,2
 ffffffe0000443e0, ffffffe0000443c0,2
 ffffffe0000443ca, ffffffe0001386c2,2
 ffffffe0001386c2, ffffffe0001386a0,2
 ffffffe00001a368, ffffffe00001a36a,2
 ffffffe00001a36c, ffffffe00001a370,2
 ffffffe00001a374, ffffffe000235676,2
 ffffffe0002356f2, ffffffe0002356f4,2
 ffffffe00003c4f0,75981,2
 ffffffe00003c558, ffffffe00003c572,2
 ffffffe00003c572, ffffffe00003c57a,2
 ffffffe00003c598, ffffffe00003c50c,2
 ffffffe00003c608, ffffffe000235766,2
 ffffffe00003ba6e, ffffffe00003ba72,2
 ffffffe000082804, ffffffe000082808,2
 ffffffe00008280e, ffffffe00007dc80,2
 ffffffe00023577e, ffffffe00003bc16,2
 ffffffe00003bc2c, ffffffe00003bc3e,2
 ffffffe00003bc4a,78682,2
 ffffffe000235792, ffffffe0002357c4,2
 ffffffe0002357e4, ffffffe0002357e6,2
 ffffffe000235822, ffffffe0001386a8,2
 2000085faa, 2000085fb2,2
 2000085fca, 2000085fce,2
 2000085fd2, 2000085fd6,2
 2000085fe2, 200008567e,2
 20000856be, 20000856c2,2
 20000856d2, 20000856d4,2
 20000856d8, 20000856da,2
 20000856dc,2000085758,2
2000085762, 20000853a4,2
 ffffffe0002321c6, ffffffe000172720,2
2000085768,2.00E+07,2
 20000856ea, 20000856ee,2
 20000856fa, 200007c34c,2
 2aaaaab336, 2aaaaaacd0,1
 2aaaaaacd8,2000066908,1
2000066940, 200007252a,1
2000072596, 200007270e,1
2000072710, 20000725a0,1
 20000725a8, 20000725ae,1
 20000725ae, 20000725b4,1
 20000725ba, 20000725be,1
 20000725c8, 20000920a0,1
 20000920bc,2.00E+07,1
2000092160,2000092164,1
2000092164,2000092166,1
 200009216e,2000092172,1
2000092172,2000092174,1
 200009217c,2000092180,1
2000092180,2000092182,1
 200009218a, 200009218e,1
 200009218e,2000092190,1
2000092198, 20000920d0,1
 20000725d8, 20000727ba,1
 20000727c6, 20000727ca,1
2.00E+11,2.00E+15,1
 20000727ee, 20000727f2,1
 20000727f6, 20000727f8,1
 20000727fa,2000072800,1
2000072812, 20000725dc,1
 20000725f8, 20000725fc,1
 200007260a, 2000084a5e,1
 200007260c,2000072610,1
2000072618, 200007261c,1
2000072626, 200007262a,1
2000072638, 200007263e,1
2000072648, 200007264c,1
2000072656, 200007265a,1
 200007269e, 20000726a2,1
 200007270c, 2000072f4e,1
 2000072f4e, 2000073ae2,1
 2000073aee, 2000073d4e,1
 2000073d4e, 2000073d58,1
 2000073d5a, 2000072f58,1
 2000072f5c, 2000072c32,1
 2000072c32,2000073862,1
2000073864, 200007358c,1
 20000735ba, 20000628f2,1
 200006290e,2000062918,1
 200006291a, 20000629b2,1
 20000629b8, 20000629bc,1
 20000629d4,2000062966,1
 200006296c,2000062970,1
2000062974, 20000735be,1
2.00E+11,2000073632,1
2000073636, 200007363e,1
2000073642, 200007379a,1
 200007379a, 200007379e,1
 20000737a2, 20000737bc,1
 20000737d2, 20000737d6,1
2.00E+13,2000073674,1
2000073678,2000073682,1
 200007368e,2000073866,1
 200007386e,2000073872,1
2000073872, 20000745ec,1
 20000745ee, 20000736d6,1
 20000736d6, 20000736da,1
 20000736de,2.00E+13,1
 20000736f2, 20000736f6,1
 20000736f6, 20000736fa,1
 200007370a, 200007370e,1
 200007371a, 2000084a5e,1
2000073720,2000073728,1
2000073734,2000073738,1
2000073740, 20000729cc,1
 20000729ce, 20000729d2,1
2.00E+09, 20000920a0,1
 20000729ea, 20000729f2,1
 2000072a02, 2000072a06,1
 2000072a10, 2000084a5e,1
 2000084b4a, 2000084bca,1
 2000084bcc, 2000084b56,1
 2000090cae, 2000090dbc,1
 2000090dd4, 2000090e8c,1
 2000090e9c,2.00E+32,1
2.00E+50, 2000090df2,1
 2000090dfe, 2000090cb2,1
 2000090cb2, 2000090c74,1
 2000084abe, 2000084ac2,1
 2000084aca, 200008567e,1
2000085740,2000085744,1
2000085754, 20000853a4,1
 2000084ace, 2000084ad2,1
 2000084ade, 2000084ae2,1
 2000084aea, 2000084aee,1
 2000084af0, 2000084af4,1
 2000072a1a, 2000072a1e,1
 2000072a2a, 2000072a2e,1
 2000072a36, 2000072a3a,1
 2000072a3a,2000072736,1
 200007273e,2000072742,1
2000072750, 200007283c,1
2000072856,2000072752,1
2000072752, 200007276a,1
2000072774, 200007277c,1
 20000727b8,2000066944,1
2000066948, 200006694c,1
2000066952, 2aaaaab33a,1
 2aaaaab342, 2aaaaaac40,1
 200000705c,2000007046,1
 ffffffe000015f76, ffffffe000015f90,1
 ffffffe000015f94, ffffffe000015f96,1
 ffffffe00006b5de, ffffffe00006b5e2,1
 ffffffe00006b5e6, ffffffe00006b70a,1
 ffffffe00006b70e, ffffffe00006b712,1
 ffffffe00006b72e, ffffffe00006b734,1
 ffffffe00006b768, ffffffe00006b76c,1
 ffffffe00006b76e, ffffffe00006b772,1
 ffffffe00006b778, ffffffe00006b77c,1
 ffffffe00006b786, ffffffe0000502d2,1
 ffffffe000050310, ffffffe000050382,1
 ffffffe00006a8b8, ffffffe00006a916,1
 ffffffe00006a936, ffffffe00006a7e0,1
 ffffffe0000503b0, ffffffe00006b788,1
 ffffffe00006b78a, ffffffe00006b78e,1
 ffffffe00006b7a4, ffffffe00006b7a8,1
 ffffffe00006b7b0, ffffffe00006b634,1
 ffffffe00006b636, ffffffe00006b5be,1
 2aaaaab360, 2aaaaab550,1
 20000072c8, 20000072cc,1
 20000072cc,2000007046,1
 ffffffe000015ff0, ffffffe000015ff2,1
 ffffffe000015ff6, ffffffe000015f96,1
 ffffffe00006b676, ffffffe00006b4e2,1
 ffffffe00006b68a, ffffffe00006b68c,1
 ffffffe00006b690, ffffffe00006b694,1
 ffffffe00006b698, ffffffe00006b82c,1
 ffffffe00006b830, ffffffe00006b834,1
 ffffffe00006b842, ffffffe0000560b0,1
 ffffffe000056100, ffffffe000056102,1
 ffffffe000056114, ffffffe000056118,1
 ffffffe00005612c, ffffffe000056130,1
 ffffffe00005613a, ffffffe000055434,1
 ffffffe000055458, ffffffe00005545c,1
 ffffffe0000554cc, ffffffe00005557c,1
 ffffffe000055580, ffffffe000055592,1
 ffffffe0000555a0, ffffffe0000554ce,1
 ffffffe0000554da, ffffffe0000554ec,1
 ffffffe00005550c, ffffffe000055510,1
 ffffffe00005553a, ffffffe00005553e,1
 ffffffe00005555c, ffffffe000055dca,1
 ffffffe000055dda, ffffffe000055dde,1
 ffffffe000055dde, ffffffe0000558c6,1
 ffffffe0000558ca, ffffffe0000558ce,1
 ffffffe0000558d2, ffffffe000055990,1
 ffffffe0000559ae, ffffffe00005613e,1
 ffffffe000056140, ffffffe000056142,1
 ffffffe000056160, ffffffe00006b846,1
 ffffffe00006b848, ffffffe00006b84c,1
 ffffffe00006b88a, ffffffe0002321dc,1
 ffffffe00006b8c8, ffffffe00006b8ca,1
 ffffffe00006b8f4, ffffffe00006b8f8,1
 ffffffe00006b904, ffffffe00006b908,1
 ffffffe00006b91a, ffffffe000071320,1
 ffffffe000071328, ffffffe00007132c,1
 ffffffe000071338, ffffffe00007133a,1
 ffffffe000071360, ffffffe000071190,1
 ffffffe000071192, ffffffe000071194,1
 ffffffe00007119e, ffffffe0000711a2,1
 ffffffe0000711a6, ffffffe0000711a8,1
 ffffffe0000711a8, ffffffe0000711ac,1
 ffffffe0000711bc, ffffffe00006b91e,1
 ffffffe00006b922, ffffffe00005b336,1
 ffffffe00005b344, ffffffe00005b348,1
 ffffffe00005b350, ffffffe00005b352,1
 ffffffe00005b35a, ffffffe00005b28c,1
 ffffffe00005b296, ffffffe00005b298,1
 ffffffe00005b2c4, ffffffe00005b2c8,1
 ffffffe00005b2ce, ffffffe00005b2f2,1
 ffffffe00005b2f6, ffffffe00005b2f8,1
 ffffffe00005b2f8, ffffffe00006b926,1
 ffffffe00006b928, ffffffe00006b6ea,1
 ffffffe00006b6f2, ffffffe00006b6f4,1
 ffffffe00006b6f6, ffffffe00006b6fa,1
 ffffffe00006b704, ffffffe00006b5be,1
 ffffffe00003ee82, ffffffe00003f00c,1
 ffffffe00003f050, ffffffe00003ee86,1
 ffffffe00003bbe0, ffffffe00003bbec,1
 ffffffe00003bbee, ffffffe00001a3c6,1
 ffffffe00003bbfe, ffffffe00003bc68,1
 ffffffe00003bafe,76552,1
 ffffffe00003ba82, ffffffe00003bae4,1
 ffffffe00003baee, ffffffe00003ba90,1
 ffffffe000029b22, ffffffe000029b24,1
 ffffffe000029b28, ffffffe000029b2a,1
 ffffffe000029b34, ffffffe000029b38,1
 ffffffe000029b3c, ffffffe00001dcbc,1
 ffffffe00001dcbc, ffffffe00001dcbe,1
 ffffffe00001dcd8, ffffffe00022321c,1
 ffffffe000223224, ffffffe000223228,1
 ffffffe000223230, ffffffe000223232,1
 ffffffe000223236, ffffffe00022323a,1
 ffffffe00022323c, ffffffe00001dcdc,1
 ffffffe00001dcdc, ffffffe00001dcde,1
 ffffffe00001dcec, ffffffe000029b40,1
 ffffffe000029b50, ffffffe00007dc80,1
 ffffffe00003bad2, ffffffe00003bb02,1
 ffffffe00003bb0e,78609,1
 ffffffe00003bae2, ffffffe000235766,1
 ffffffe00003efaa, ffffffe00003efae,1
 ffffffe00003efbc, ffffffe00003efc0,1
 ffffffe00003effc, ffffffe00003ee86,1
 ffffffe00003bc04, ffffffe00003bc08,1
 ffffffe00003bc14, ffffffe00003bc68,1
 2aaaaab568, 2aaaaaac40,1
 2aaaaab5a8, 2aaaaaacb0,1
 2aaaaaacb8, 200007c1fc,1
 200007c224, 200008f2b0,1
 200008f2c6, 200008f38c,1
 200008f38e, 200008f2e0,1
 200008f310, 200008f312,1
 200008f316, 200008f318,1
 200008f31c, 200008f31e,1
 200008f322, 200008f324,1
 200008f328, 200008f374,1
 200008f37a, 200008f344,1
 200008f34a, 200008f34e,1
 200008f352, 200007c228,1
 200007c234, 200007c238,1
 200007c240, 200007c244,1
 200007c24a, 200007c24e,1
 200007c252, 200007c254,1
 200007c256, 200007c25a,1
 200007c270, 200007c272,1
 200007c274, 200007c278,1
 200007c292, 200007c296,1
 200007c29e, 2000084a5e,1
 2000090cb6, 2000090c62,1
 2000090c70, 2000090cb8,1
 2000090ccc, 2000090cce,1
 2000090d14, 2000090d7e,1
 2000090d82, 2000090c74,1
 200007c2a0, 200007c2a4,1
 200007c2ac, 200007c346,1
 200007c348, 2000085f92,1
 200007c34e, 200007c2bc,1
 200007c2c6, 200007c2cc,1
 200007c2d4, 200007c2d8,1
 200007c2e2, 200007c312,1
 200007c328, 200007c2e4,1
 200007c2ec, 200007c2f0,1
 200007c300, 2aaaaab5ac,1
 2aaaaab5c2, 2aaaaaac80,1
 2aaaaaac88, 200007dc8e,1
 200007dcbc, 200007dcc0,1
 200007dcc8, 200007dccc,1
 200007dcd2, 200007dcd6,1
 200007dcda, 200007dcdc,1
 200007dcde, 200007dce0,1
 200007dcfa, 200007dcfe,1
 200007dd00, 2000085f92,1
 ffffffe000172788, ffffffe00017273e,1
 200007dd06, 200007dd20,1
 200007dd26, 200007dd44,1
 200007dd4e, 200007dd50,1
 200007dd66, 200007dd2a,1
 200007dd30, 200007dd34,1
 200007dd42,6211888,1
